Type,Source URL,Destination URL,Status Code/Redirect Type
Redirect,"/sitemap_index.xml","/sitemap.xml",301 (Permanent)
Block/Status,"/product/(.*)","/",410
Block/Status,"/author/user/(.*)","/404",404
Block/Status,"/(.*)-sitemap.xml","/404",404
Redirect,"/airavatesvara-temple","/temples/airavatesvara-temple",301 (Permanent)
Redirect,"/mahakaleshwar-darshan","/temples/mahakaleshwar-darshan",301 (Permanent)
Redirect,"/vindhyachal-temple-mirzapur","/temples/vindhyachal-temple-mirzapur",301 (Permanent)
Redirect,"/thillai-nataraja-temple","/temples/thillai-nataraja-temple",301 (Permanent)
Redirect,"/kanyakumari-bhagavathy-amman-temple","/temples/kanyakumari-bhagavathy-amman-temple",301 (Permanent)
Redirect,"/palani-murugan-temple","/temples/palani-murugan-temple",301 (Permanent)
Redirect,"/jagannath-temple","/temples/jagannath-temple",301 (Permanent)
Redirect,"/dwarkadhish-temple","/temples/dwarkadhish-temple",301 (Permanent)
Redirect,"/buy-mata-vaishno-devi-prasadam-online","/temples/buy-mata-vaishno-devi-prasadam-online",301 (Permanent)
Block/Status,"/ttbm_guide/shamim","/404",404
Redirect,"/penchalakona-lakshmi-narasimha-swamy-temple-puja","/puja/Penchalakona-Lakshmi-Narasimha-swamy-Nithyakalyanotsavam",301 (Permanent)
Redirect,"/darshan","/temples/darshan",301 (Permanent)
Redirect,"/sabarimala-sastha-temple","/temples/sabarimala-sastha-temple",301 (Permanent)
Redirect,"/vaishno-devi-temple","/temples/vaishno-devi-temple",301 (Permanent)
Redirect,"/live-darshan-ram-mandir","/temples/live-darshan-ram-mandir",301 (Permanent)
Block/Status,"/shodashopachar-puja-kedarnath","/404",404
Redirect,"/kalighat-kali-temple","/temples/kalighat-kali-temple",301 (Permanent)
Redirect,"/live-darshan-mahakaleshwar","/temples/live-darshan-mahakaleshwar",301 (Permanent)
Redirect,"/badrinath-temple","/temples/badrinath-temple",301 (Permanent)
Block/Status,"/mahapuja-at-bhimashankar","/404",404
Redirect,"/tara-temple-tarapith","/temples/tara-temple-tarapith",301 (Permanent)
Redirect,"/temple/sri-potuluri-veera-brahmendra-swamy-matam-vipdarshan","/temples/sri-potuluri-veera-brahmendra-swamy-matam-vipdarshan",301 (Permanent)
Redirect,"/palitana-jain-tirth-temple","/temples/palitana-jain-tirth-temple",301 (Permanent)
Redirect,"/bhimashankar-jyotirlinga","/temples/bhimashankar-jyotirlinga",301 (Permanent)
Redirect,"/live-darshan-golden-temple","/temples/live-darshan-golden-temple",301 (Permanent)
Block/Status,"/bhimashankar-laghu-rudrabhishek","/404",404
Redirect,"/vip-darshan-package","/temples/vip-darshan-package",301 (Permanent)
Redirect,"/live-darshan-kedarnath","/temples/live-darshan-kedarnath",301 (Permanent)
Redirect,"/gangotri-temple","/temples/gangotri-temple",301 (Permanent)
Redirect,"/virupaksha-temple","/temples/virupaksha-temple",301 (Permanent)
Block/Status,"/haridwar-navgrah-dosh-nivaran-puja","/404",404
Redirect,"/parasnath-digambar-jain-temple","/temples/parasnath-digambar-jain-temple",301 (Permanent)
Block/Status,"/kedartnath-yatra","/404",404
Block/Status,"/yatra_specials","/404",404
Redirect,"/sri-venkateswara-swami-temple","/temples/sri-venkateswara-swami-temple",301 (Permanent)
Redirect,"/dwarkadhish-darshan","/temples/dwarkadhish-darshan",301 (Permanent)
Redirect,"/banke-bihari-temple","/temples/banke-bihari-temple",301 (Permanent)
Redirect,"/adiyogi-shiva-temple","/temples/adiyogi-shiva-temple",301 (Permanent)
Block/Status,"/puja-rituals","/404",404
Block/Status,"/panditji","/404",404
Redirect,"/sri-venkateswara-swami-temple-tirumala","/temples/sri-venkateswara-swami-temple-tirumala",301 (Permanent)
Redirect,"/travel-category/iskcon-mayapur","/temples/iskcon-temple",301 (Permanent)
Redirect,"/kanipakam-varasiddhi-vinayaka-swamy-temple-puja","/puja/Sathya-Pramanam-Oath-of-Truth",301 (Permanent)
Redirect,"/neelkanth-mahadev-prasadam-online","/prasadam/shree-neelkanth-mahadev-temple-bhang-prasad",301 (Permanent)
Redirect,"/prasadam/the-most-traditional-and-sacred-offering-is-the-neelkanth-maha-prasad-dry-fruit-mishri--panchamrit-and-bael-patra-wood-apple-leaves-prasadam","/prasadam/shree-neelkanth-mahadev-temple-bhang-prasad",301 (Permanent)
Redirect,"/travel-category/chamundeshwari-temple","/temples/chamundeshwari-temple",301 (Permanent)
Redirect,"/puja/ /linga-bhairavi-devi-abhishekam-puja","/puja/linga-bhairavi-devi-abhishekam-puja",301 (Permanent)
Redirect,"/puja/%20/linga-bhairavi-devi-abhishekam-puja","/puja/linga-bhairavi-devi-abhishekam-puja",301 (Permanent)
Redirect,"/travel/ramanathaswamy-temple","/temples/ramanathaswamy-temple",301 (Permanent)
Redirect,"/travel/meenakshi-temple","/temples/meenakshi-temple",301 (Permanent)
Redirect,"/malyadri-lakshmi-narasimha-swamy-temple-prasadam","/prasadam/sri-malyadri-lakshmi-narasimha-swamy-temple-prasadam",301 (Permanent)
Redirect,"/prasadam/malyadri-lakshmi-narasimha-swamy-temple-prasadam","/prasadam/sri-malyadri-lakshmi-narasimha-swamy-temple-prasadam",301 (Permanent)
Redirect,"/badrinath-seva-maha-abhishek-shringar-vip-darshan","/darshan/badrinath-temple-darshan-vipdarshan",301 (Permanent)
Redirect,"/ram-bhakti-utsav-at-ram-mandir-ayodhya-winter-darshan","/darshan/ram-mandir-darshan-vipdarshan",301 (Permanent)
Redirect,"/travel/adiyogi-shiva-temple","/temples/adiyogi-shiva-temple",301 (Permanent)
Redirect,"/temples/vaishno-devi-temple/-","/temples/vaishno-devi-temple",301 (Permanent)
Redirect,"/tirupati-balaji-temple-devotional-darshan-experience-winter-season","/darshan/tirupati-balaji-temple-vipdarshan",301 (Permanent)
Redirect,"/travel/jagannath-yatra-packages","/jagannath-yatra",301 (Permanent)
Redirect,"/kanipakam-varasiddhi-vinayaka-swamy-temple-prasadam","/prasadam",301 (Permanent)
Redirect,"/malyadri-lakshmi-narasimha-swamy-temple-puja","/temples/sri-malyadri-lakshmi-narasimha-swamy-temple",301 (Permanent)
Redirect,"/uttarakhand-temple","/temples",301 (Permanent)
Redirect,"/vaishno-devi-temple/-","/temples/vaishno-devi-temple",301 (Permanent)
Redirect,"/5-lingaraj-temple-bhubaneswar-odisha","/temples/lingaraj-temple",301 (Permanent)
Redirect,"/uttar-pradesh-temple","/temples",301 (Permanent)
Redirect,"/my-trips-login","/login",301 (Permanent)
Redirect,"/blog/barsana-lathmar-holi-guide","/blog/lathmar-holi-barsana-2026-darshan-guide",301 (Permanent)
Redirect,"/badrinath-temple-darshan-2026-timings-vip-pass","/temples/badrinath-temple",301 (Permanent)
Redirect,"/travel-organizer/jagannath-yatra-packages","/jagannath-yatra",301 (Permanent)
Redirect,"/travel/sai-baba-mandir","/shirdi-yatra",301 (Permanent)
Redirect,"/travel-category/thillai-nataraja-temple","/temples/thillai-nataraja-temple",301 (Permanent)
Redirect,"/travel/jagannath-temple","/yatra",301 (Permanent)
Redirect,"/travel/virupaksha-temple-hampi-karnataka","/yatra",301 (Permanent)
Redirect,"/mahakal_blog","/blogs",301 (Permanent)
Redirect,"/mata-vaishno-devi-2","/temples/vaishno-devi-temple",301 (Permanent)
Redirect,"/travel/lingaraj-temple","/temples/lingaraj-temple",301 (Permanent)
Redirect,"/travel/naina-devi-temple","/temples/naina-devi-temple",301 (Permanent)
Redirect,"/ranganathaswamy-temple","/temples/ranganathaswamy-temple",301 (Permanent)
Redirect,"/iskon-mayapur","/temples/iskcon-temple",301 (Permanent)
Redirect,"/travel/badrinath-temple","/temples/badrinath-temple",301 (Permanent)
Redirect,"/trimbakeshwar-jyotirlinga-nashik-maharashtra","/temples/trimbakeshwar-jyotirlinga-temple",301 (Permanent)
Redirect,"/uttarakhand-temples","/temples",301 (Permanent)
Redirect,"/neelkanth-mahadev-temple-vip-darshan-rishikesh","/temples/neelkanth-mahadev-temple",301 (Permanent)
Redirect,"/travel/virupaksha-temple","/temples/virupaksha-temple",301 (Permanent)
Redirect,"/travel-category/guruvayur-temple","/temples/guruvayur-temple",301 (Permanent)
Redirect,"/travel/kedarnath-yatra-package","/kedarnath-yatra",301 (Permanent)
Redirect,"/travel/swaminarayan-akshardham-mandir","/temples/swaminarayan-akshardham-mandir-temple",301 (Permanent)
Redirect,"/travel-category/lingaraj-temple","/temples/lingaraj-temple",301 (Permanent)
Redirect,"/puja-booking-online","/puja",301 (Permanent)
Redirect,"/kashi-darshan","/darshan/kashi-vishwanath-temple-vipdarshan",301 (Permanent)
Redirect,"/travel-category/airavatesvara-temple","/temples/airavatesvara-temple",301 (Permanent)
Redirect,"/travel-category/parasnath-digambar-jain-temple/feed","/temples/parasnath-digambar-jain-temple",301 (Permanent)
Redirect,"/travel-category/vindhyachal-temple","/temples/vindhyachal-temple",301 (Permanent)
Redirect,"/travel-category/sri-venkateswara-swami-temple","/temples/sri-venkateswara-swami-temple",301 (Permanent)
Redirect,"/travel/birla-mandir","/temples/birla-mandir-temple",301 (Permanent)
Redirect,"/ttbm_tour_tag/bhimashankar-rudrabhishek-puja","/puja/rudrabhishek-puja",301 (Permanent)
Redirect,"/travel/shirdi-yatra-packages","/shirdi-yatra",301 (Permanent)
Redirect,"/penchalakona-lakshmi-narasimha-swamy-temple-darshan","/temples/penchalakona-lakshmi-narasimha-swamy-temple",301 (Permanent)
Redirect,"/travel-category/dakshineswar-kali-temple","/temples/dakshineswar-kali-temple",301 (Permanent)
Redirect,"/travel/ayodhya-yatra-packages","/ayodhya-yatra",301 (Permanent)
Redirect,"/travel-category/palani-murugan-temple","/temples/palani-murugan-temple",301 (Permanent)
Redirect,"/travel-category/ramanathaswamy-temple","/temples/ramanathaswamy-temple",301 (Permanent)
Redirect,"/live-darshan-badrinath","/live-darshan/badrinath-temple",301 (Permanent)
Redirect,"/travel/kanyakumari-amman-temple","/temples/kanyakumari-bhagavathy-amman-temple",301 (Permanent)
Redirect,"/travel-category/trimbakeshwar-jyotirlinga","/temples/trimbakeshwar-jyotirlinga-temple",301 (Permanent)
Redirect,"/malyadri-lakshmi-narasimha-swamy-temple-darshan","/temples/sri-malyadri-lakshmi-narasimha-swamy-temple",301 (Permanent)
Redirect,"/kanipakam-varasiddhi-vinayaka-swamy-temple-darshan","/temples",301 (Permanent)
Redirect,"/travel/padmanabhaswamy-temple","/temples/padmanabhaswamy-temple",301 (Permanent)
Redirect,"/blog/golden-temple-yatra/feed","/blog/golden-temple-amritsar-history-langar-guide",301 (Permanent)
Redirect,"/travel/mehandipur-balaji-temple","/temples/mehandipur-balaji-temple",301 (Permanent)
Redirect,"/travel-category/varadharaja-perumal-temple","/temples/varadharaja-perumal-temple",301 (Permanent)
Redirect,"/2024/02/14/golden-temple-yatra","/blog/golden-temple-amritsar-history-langar-guide",301 (Permanent)
Redirect,"/blog/golden-temple-yatra","/blog/golden-temple-amritsar-history-langar-guide",301 (Permanent)
Redirect,"/tour/kedarnath-yatra-package","/kedarnath-yatra",301 (Permanent)
Redirect,"/travel-category/baidyanath-temple","/temples/baidyanath-temple",301 (Permanent)
Redirect,"/tour/yamunotri-temple","/temples/yamunotri-temple",301 (Permanent)
Redirect,"/tour/kedarnath-temple","/temples/kedarnath-temple",301 (Permanent)
Redirect,"/travel/banke-bihari-temple","/temples/banke-bihari-temple",301 (Permanent)
Redirect,"/travel-category/parasnath-digambar-jain-temple","/temples/parasnath-digambar-jain-temple",301 (Permanent)
Redirect,"/travel/tara-temple-tarapith","/temples/tara-temple",301 (Permanent)
Redirect,"/travel/yamunotri-temple","/temples/yamunotri-temple",301 (Permanent)
Redirect,"/travel/belur-math","/temples/belur-math-temple",301 (Permanent)
Redirect,"/travel-category/kanyakumari-bhagavathy-amman","/temples/kanyakumari-bhagavathy-amman-temple",301 (Permanent)
Redirect,"/puja-booking","/puja",301 (Permanent)
Redirect,"/tour/ayodhya-yatra-packages","/ayodhya-yatra",301 (Permanent)
Redirect,"/kashi-vishwanath-temple-varanasi","/temples/kashi-vishwanath-temple",301 (Permanent)
Redirect,"/tour/sri-venkateswara-swami-temple","/temples/sri-venkateswara-swami-temple",301 (Permanent)
Redirect,"/package/ayodhya-yatra","/ayodhya-yatra",301 (Permanent)
Redirect,"/blog/dauji-huranga-baldeo-guide","/blog/dauji-huranga-2026-baldeo-darshan-guide-tips",301 (Permanent)
Redirect,"/blog/phalen-gaon-fire-holi-guide","/blog/phalen-gaon-ki-holi-2026-fire-ritual-travel-guide-tips",301 (Permanent)
Redirect,"/blog/chhadimar-holi-gokul-guide","/blog/chhadimar-holi-gokul-2026-darshan-guide-tips",301 (Permanent)
Redirect,"/travel/kedarnath-platinum-yatra-package","/kedarnath-yatra",301 (Permanent)
Redirect,"/mahakaleshwar-temple-ujjain-shiva-bhakti-agni-rituals-winter-darshan","/darshan/mahakaleshwar-jyotirlinga-ujjain-vipdarshan",301 (Permanent)
Redirect,"/travel/laxminarayan-temple-birla-mandir","/temples/laxminarayan-temple-birla-mandir-temple",301 (Permanent)
Redirect,"/jagannath_blog","/blogs/mysteries-of-jagannath-puri",301 (Permanent)
Redirect,"/travel/dakshineswar-kali-temple","/temples/dakshineswar-kali-temple",301 (Permanent)
Redirect,"/travel-organizer/vrindavan-yatra-package","/vrindavan-yatra",301 (Permanent)
Redirect,"/travel-category/mehandipur-balaji-temple","/temples/mehandipur-balaji-temple",301 (Permanent)
Redirect,"/travel/chardham-yatra-packages","/char-dham-yatra",301 (Permanent)
Redirect,"/travel-category/meenakshi-temple","/temples/meenakshi-temple",301 (Permanent)
Redirect,"/jyotirlinga","/temples",301 (Permanent)
Redirect,"/tour/the-golden-temple","/temples/the-golden-temple",301 (Permanent)
Redirect,"/travel-category/jagannath-temple","/temples/jagannath-temple",301 (Permanent)
Redirect,"/packages-2","/yatra",301 (Permanent)
Redirect,"/penchalakona-lakshmi-narasimha-swamy-temple-prasadam","/temples/penchalakona-lakshmi-narasimha-swamy-temple",301 (Permanent)
Block/Status,"/chandi-devi-temple-vip-darshan-haridwar","/404",404
Block/Status,"/Effortless","/404",404
Block/Status,"/add-ons","/404",404
Block/Status,"/orchid-grid-2","/404",404
Block/Status,"/lotus-grid-2","/404",404
Block/Status,"/ttbm_places/alexanderplatz-alexa","/404",404
Block/Status,"/ttbm_places/rotes-rathaus-neptune-fountain","/404",404
Block/Status,"/ttbm_guide/sumon","/404",404
Block/Status,"/category/uncategorized","/404",404
Block/Status,"/pages-2","/404",404
Block/Status,"/elementor-hf/home1-2","/404",404
Block/Status,"/ttbm_places/brandenburger-tor","/404",404
Block/Status,"/crm-logout","/404",404
Block/Status,"/yatra_testing","/404",404
Block/Status,"/testing","/404",404
Block/Status,"/wp-content/plugins/(.*)","/404",404
